ID,AA_Composition_Count,AA_Composition_Percent
QUF08434.1,"{'A': 36, 'C': 7, 'D': 26, 'E': 15, 'F': 31, 'G': 49, 'H': 9, 'I': 26, 'K': 9, 'L': 48, 'M': 15, 'N': 30, 'P': 54, 'Q': 28, 'R': 22, 'S': 44, 'T': 37, 'V': 43, 'W': 6, 'Y': 11}","{'A': 6.593406593406593, 'C': 1.2820512820512822, 'D': 4.761904761904762, 'E': 2.7472527472527473, 'F': 5.677655677655678, 'G': 8.974358974358974, 'H': 1.6483516483516483, 'I': 4.761904761904762, 'K': 1.6483516483516483, 'L': 8.791208791208792, 'M': 2.7472527472527473, 'N': 5.4945054945054945, 'P': 9.89010989010989, 'Q': 5.128205128205129, 'R': 4.029304029304029, 'S': 8.058608058608058, 'T': 6.7765567765567765, 'V': 7.875457875457876, 'W': 1.098901098901099, 'Y': 2.0146520146520146}"
AKM20815.1,"{'A': 40, 'C': 8, 'D': 27, 'E': 17, 'F': 29, 'G': 45, 'H': 10, 'I': 24, 'K': 11, 'L': 45, 'M': 21, 'N': 39, 'P': 50, 'Q': 22, 'R': 23, 'S': 34, 'T': 35, 'V': 45, 'W': 5, 'Y': 13}","{'A': 7.366482504604051, 'C': 1.4732965009208103, 'D': 4.972375690607735, 'E': 3.130755064456722, 'F': 5.3406998158379375, 'G': 8.287292817679559, 'H': 1.8416206261510129, 'I': 4.419889502762431, 'K': 2.0257826887661143, 'L': 8.287292817679559, 'M': 3.867403314917127, 'N': 7.18232044198895, 'P': 9.208103130755065, 'Q': 4.051565377532229, 'R': 4.23572744014733, 'S': 6.261510128913444, 'T': 6.445672191528545, 'V': 8.287292817679559, 'W': 0.9208103130755064, 'Y': 2.394106813996317}"
AKM20818.1,"{'A': 40, 'C': 9, 'D': 26, 'E': 15, 'F': 34, 'G': 47, 'H': 9, 'I': 26, 'K': 9, 'L': 47, 'M': 12, 'N': 27, 'P': 53, 'Q': 31, 'R': 20, 'S': 44, 'T': 30, 'V': 45, 'W': 6, 'Y': 10}","{'A': 7.407407407407407, 'C': 1.6666666666666667, 'D': 4.814814814814815, 'E': 2.7777777777777777, 'F': 6.296296296296297, 'G': 8.703703703703704, 'H': 1.6666666666666667, 'I': 4.814814814814815, 'K': 1.6666666666666667, 'L': 8.703703703703704, 'M': 2.2222222222222223, 'N': 5.0, 'P': 9.814814814814815, 'Q': 5.7407407407407405, 'R': 3.7037037037037037, 'S': 8.148148148148149, 'T': 5.555555555555555, 'V': 8.333333333333334, 'W': 1.1111111111111112, 'Y': 1.8518518518518519}"
QUF08433.1,"{'A': 39, 'C': 8, 'D': 23, 'E': 17, 'F': 28, 'G': 45, 'H': 12, 'I': 31, 'K': 10, 'L': 43, 'M': 17, 'N': 36, 'P': 50, 'Q': 28, 'R': 19, 'S': 39, 'T': 43, 'V': 39, 'W': 6, 'Y': 11}","{'A': 7.169117647058823, 'C': 1.4705882352941178, 'D': 4.227941176470588, 'E': 3.125, 'F': 5.147058823529412, 'G': 8.272058823529411, 'H': 2.2058823529411766, 'I': 5.698529411764706, 'K': 1.838235294117647, 'L': 7.904411764705882, 'M': 3.125, 'N': 6.617647058823529, 'P': 9.191176470588236, 'Q': 5.147058823529412, 'R': 3.4926470588235294, 'S': 7.169117647058823, 'T': 7.904411764705882, 'V': 7.169117647058823, 'W': 1.1029411764705883, 'Y': 2.0220588235294117}"
QUF08432.1,"{'A': 39, 'C': 9, 'D': 23, 'E': 17, 'F': 29, 'G': 46, 'H': 12, 'I': 32, 'K': 10, 'L': 43, 'M': 16, 'N': 36, 'P': 50, 'Q': 28, 'R': 19, 'S': 37, 'T': 42, 'V': 40, 'W': 6, 'Y': 10}","{'A': 7.169117647058823, 'C': 1.6544117647058822, 'D': 4.227941176470588, 'E': 3.125, 'F': 5.330882352941177, 'G': 8.455882352941176, 'H': 2.2058823529411766, 'I': 5.882352941176471, 'K': 1.838235294117647, 'L': 7.904411764705882, 'M': 2.9411764705882355, 'N': 6.617647058823529, 'P': 9.191176470588236, 'Q': 5.147058823529412, 'R': 3.4926470588235294, 'S': 6.801470588235294, 'T': 7.720588235294118, 'V': 7.352941176470588, 'W': 1.1029411764705883, 'Y': 1.838235294117647}"
QUF08431.1,"{'A': 41, 'C': 9, 'D': 25, 'E': 19, 'F': 30, 'G': 44, 'H': 12, 'I': 22, 'K': 10, 'L': 54, 'M': 12, 'N': 37, 'P': 52, 'Q': 25, 'R': 21, 'S': 37, 'T': 31, 'V': 44, 'W': 6, 'Y': 12}","{'A': 7.550644567219153, 'C': 1.6574585635359116, 'D': 4.6040515653775325, 'E': 3.4990791896869244, 'F': 5.524861878453039, 'G': 8.103130755064457, 'H': 2.2099447513812156, 'I': 4.051565377532229, 'K': 1.8416206261510129, 'L': 9.94475138121547, 'M': 2.2099447513812156, 'N': 6.813996316758748, 'P': 9.576427255985267, 'Q': 4.6040515653775325, 'R': 3.867403314917127, 'S': 6.813996316758748, 'T': 5.70902394106814, 'V': 8.103130755064457, 'W': 1.1049723756906078, 'Y': 2.2099447513812156}"
YP_009518839.1,"{'A': 43, 'C': 5, 'D': 26, 'E': 23, 'F': 28, 'G': 40, 'H': 13, 'I': 21, 'K': 12, 'L': 47, 'M': 13, 'N': 38, 'P': 51, 'Q': 25, 'R': 24, 'S': 29, 'T': 35, 'V': 47, 'W': 5, 'Y': 17}","{'A': 7.9335793357933575, 'C': 0.922509225092251, 'D': 4.797047970479705, 'E': 4.243542435424354, 'F': 5.166051660516605, 'G': 7.380073800738008, 'H': 2.3985239852398523, 'I': 3.874538745387454, 'K': 2.2140221402214024, 'L': 8.671586715867159, 'M': 2.3985239852398523, 'N': 7.011070110701107, 'P': 9.409594095940959, 'Q': 4.612546125461255, 'R': 4.428044280442805, 'S': 5.350553505535055, 'T': 6.4575645756457565, 'V': 8.671586715867159, 'W': 0.922509225092251, 'Y': 3.1365313653136533}"
AIV43156.2,"{'A': 41, 'C': 6, 'D': 27, 'E': 21, 'F': 31, 'G': 40, 'H': 11, 'I': 18, 'K': 11, 'L': 41, 'M': 11, 'N': 35, 'P': 52, 'Q': 25, 'R': 25, 'S': 31, 'T': 43, 'V': 49, 'W': 6, 'Y': 16}","{'A': 7.592592592592593, 'C': 1.1111111111111112, 'D': 5.0, 'E': 3.888888888888889, 'F': 5.7407407407407405, 'G': 7.407407407407407, 'H': 2.037037037037037, 'I': 3.3333333333333335, 'K': 2.037037037037037, 'L': 7.592592592592593, 'M': 2.037037037037037, 'N': 6.481481481481482, 'P': 9.62962962962963, 'Q': 4.62962962962963, 'R': 4.62962962962963, 'S': 5.7407407407407405, 'T': 7.962962962962963, 'V': 9.074074074074074, 'W': 1.1111111111111112, 'Y': 2.962962962962963}"
ANW12068.1,"{'A': 36, 'C': 6, 'D': 29, 'E': 19, 'F': 31, 'G': 41, 'H': 9, 'I': 21, 'K': 8, 'L': 50, 'M': 11, 'N': 39, 'P': 52, 'Q': 30, 'R': 28, 'S': 34, 'T': 34, 'V': 41, 'W': 6, 'Y': 15}","{'A': 6.666666666666667, 'C': 1.1111111111111112, 'D': 5.37037037037037, 'E': 3.5185185185185186, 'F': 5.7407407407407405, 'G': 7.592592592592593, 'H': 1.6666666666666667, 'I': 3.888888888888889, 'K': 1.4814814814814814, 'L': 9.25925925925926, 'M': 2.037037037037037, 'N': 7.222222222222222, 'P': 9.62962962962963, 'Q': 5.555555555555555, 'R': 5.185185185185185, 'S': 6.296296296296297, 'T': 6.296296296296297, 'V': 7.592592592592593, 'W': 1.1111111111111112, 'Y': 2.7777777777777777}"
APX56331.1,"{'A': 47, 'C': 5, 'D': 27, 'E': 25, 'F': 27, 'G': 39, 'H': 11, 'I': 27, 'K': 10, 'L': 43, 'M': 13, 'N': 34, 'P': 50, 'Q': 30, 'R': 31, 'S': 31, 'T': 35, 'V': 44, 'W': 5, 'Y': 16}","{'A': 8.545454545454545, 'C': 0.9090909090909091, 'D': 4.909090909090909, 'E': 4.545454545454546, 'F': 4.909090909090909, 'G': 7.090909090909091, 'H': 2.0, 'I': 4.909090909090909, 'K': 1.8181818181818181, 'L': 7.818181818181818, 'M': 2.3636363636363638, 'N': 6.181818181818182, 'P': 9.090909090909092, 'Q': 5.454545454545454, 'R': 5.636363636363637, 'S': 5.636363636363637, 'T': 6.363636363636363, 'V': 8.0, 'W': 0.9090909090909091, 'Y': 2.909090909090909}"
AEX10549.1,"{'A': 44, 'C': 5, 'D': 29, 'E': 22, 'F': 32, 'G': 40, 'H': 11, 'I': 24, 'K': 10, 'L': 45, 'M': 13, 'N': 38, 'P': 51, 'Q': 26, 'R': 28, 'S': 36, 'T': 39, 'V': 38, 'W': 5, 'Y': 12}","{'A': 8.02919708029197, 'C': 0.9124087591240876, 'D': 5.291970802919708, 'E': 4.014598540145985, 'F': 5.839416058394161, 'G': 7.299270072992701, 'H': 2.0072992700729926, 'I': 4.37956204379562, 'K': 1.8248175182481752, 'L': 8.211678832116789, 'M': 2.372262773722628, 'N': 6.934306569343065, 'P': 9.306569343065693, 'Q': 4.744525547445256, 'R': 5.109489051094891, 'S': 6.569343065693431, 'T': 7.116788321167883, 'V': 6.934306569343065, 'W': 0.9124087591240876, 'Y': 2.18978102189781}"
